account_number,age,msisdn,customer_name,balance,current_value,balouts,Value_30_days,Value_60_days,Value_90_days,Value_120_days,debit_order_date,id_number,telephone1,telephone2,telephone3,telephone4,telephone5,telephone6,telephone7,telephone8,telephone9,telephone10,Dialer_Comments,agentname
CellC_Acc1,30,840000001,Customer Name 1,33.91,0,33.91,33.91,0,0,0,6,id_number 1,tel1_1,tel2_2,tel3_3,tel4_4,tel5_5,tel6_6,tel7_7,tel8_8,tel9_9,tel10_10,Loaded 20200330,nerikap@cellc.co.za
CellC_Acc2,30,840000002,Customer Name 2,528,489,39,39,0,0,0,30,id_number 2,tel1_2,tel2_3,tel3_4,tel4_5,tel5_6,tel6_7,tel7_8,tel8_9,tel9_10,tel10_11,Loaded 20200331,magdelinem@cellc.co.za
CellC_Acc3,30,840000003,Customer Name 3,1251.97,0,1251.97,1251.97,0,0,0,6,id_number 3,tel1_3,tel2_4,tel3_5,tel4_6,tel5_7,tel6_8,tel7_9,tel8_10,tel9_11,tel10_12,Loaded 20200332,a.robson@cellc.co.za
CellC_Acc4,60,840000004,Customer Name 4,1534.55,465.91,1068.64,535.91,532.73,0,0,30,id_number 4,tel1_4,tel2_5,tel3_6,tel4_7,tel5_8,tel6_9,tel7_10,tel8_11,tel9_12,tel10_13,Loaded 20200333,nerikap@cellc.co.za
CellC_Acc5,60,840000005,Customer Name 5,4696.15,1554.78,3141.37,1825.56,1315.81,0,0,30,id_number 5,tel1_5,tel2_6,tel3_7,tel4_8,tel5_9,tel6_10,tel7_11,tel8_12,tel9_13,tel10_14,Loaded 20200334,magdelinem@cellc.co.za
CellC_Acc6,90,840000006,Customer Name 6,3691.96,922.99,2768.97,922.99,922.99,922.99,0,30,id_number 6,tel1_6,tel2_7,tel3_8,tel4_9,tel5_10,tel6_11,tel7_12,tel8_13,tel9_14,tel10_15,Loaded 20200335,a.robson@cellc.co.za
CellC_Acc7,30,840000007,Customer Name 7,37.06,0,37.06,37.06,0,0,0,30,id_number 7,tel1_7,tel2_8,tel3_9,tel4_10,tel5_11,tel6_12,tel7_13,tel8_14,tel9_15,tel10_16,Loaded 20200336,nerikap@cellc.co.za
CellC_Acc8,30,840000008,Customer Name 8,131.69,0,131.69,131.69,0,0,0,6,id_number 8,tel1_8,tel2_9,tel3_10,tel4_11,tel5_12,tel6_13,tel7_14,tel8_15,tel9_16,tel10_17,Loaded 20200337,magdelinem@cellc.co.za
CellC_Acc9,60,840000009,Customer Name 9,3168.82,1079.27,2089.55,1080.28,1009.27,0,0,30,id_number 9,tel1_9,tel2_10,tel3_11,tel4_12,tel5_13,tel6_14,tel7_15,tel8_16,tel9_17,tel10_18,Loaded 20200338,a.robson@cellc.co.za
CellC_Acc10,60,840000010,Customer Name 10,1261.21,467.07,794.14,397.07,397.07,0,0,30,id_number 10,tel1_10,tel2_11,tel3_12,tel4_13,tel5_14,tel6_15,tel7_16,tel8_17,tel9_18,tel10_19,Loaded 20200339,nerikap@cellc.co.za
CellC_Acc11,90,840000011,Customer Name 11,1762.68,440.67,1322.01,440.67,440.67,440.67,0,30,id_number 11,tel1_11,tel2_12,tel3_13,tel4_14,tel5_15,tel6_16,tel7_17,tel8_18,tel9_19,tel10_20,Loaded 20200340,magdelinem@cellc.co.za
CellC_Acc12,60,840000012,Customer Name 12,79.99,34.99,45,34.99,10.01,0,0,30,id_number 12,tel1_12,tel2_13,tel3_14,tel4_15,tel5_16,tel6_17,tel7_18,tel8_19,tel9_20,tel10_21,Loaded 20200341,a.robson@cellc.co.za
CellC_Acc13,30,840000013,Customer Name 13,144.21,0,144.21,144.21,0,0,0,30,id_number 13,tel1_13,tel2_14,tel3_15,tel4_16,tel5_17,tel6_18,tel7_19,tel8_20,tel9_21,tel10_22,Loaded 20200342,nerikap@cellc.co.za
CellC_Acc14,30,840000014,Customer Name 14,509.06,255,254.06,254.06,0,0,0,30,id_number 14,tel1_14,tel2_15,tel3_16,tel4_17,tel5_18,tel6_19,tel7_20,tel8_21,tel9_22,tel10_23,Loaded 20200343,magdelinem@cellc.co.za
CellC_Acc15,60,840000015,Customer Name 15,2335.01,808.01,1527,809,718,0,0,30,id_number 15,tel1_15,tel2_16,tel3_17,tel4_18,tel5_19,tel6_20,tel7_21,tel8_22,tel9_23,tel10_24,Loaded 20200344,a.robson@cellc.co.za
CellC_Acc16,90,840000016,Customer Name 16,1586.48,398.99,1187.49,398.99,398.99,389.51,0,30,id_number 16,tel1_16,tel2_17,tel3_18,tel4_19,tel5_20,tel6_21,tel7_22,tel8_23,tel9_24,tel10_25,Loaded 20200345,nerikap@cellc.co.za
CellC_Acc17,90,840000017,Customer Name 17,5806.86,167.99,5638.87,167.99,167.99,167.99,5134.9,30,id_number 17,tel1_17,tel2_18,tel3_19,tel4_20,tel5_21,tel6_22,tel7_23,tel8_24,tel9_25,tel10_26,Loaded 20200346,magdelinem@cellc.co.za
CellC_Acc18,90,840000018,Customer Name 18,3753.97,0,3753.97,651.05,721.05,755.48,1626.39,15,id_number 18,tel1_18,tel2_19,tel3_20,tel4_21,tel5_22,tel6_23,tel7_24,tel8_25,tel9_26,tel10_27,Loaded 20200347,a.robson@cellc.co.za
CellC_Acc19,30,840000019,Customer Name 19,98,49,49,49,0,0,0,30,id_number 19,tel1_19,tel2_20,tel3_21,tel4_22,tel5_23,tel6_24,tel7_25,tel8_26,tel9_27,tel10_28,Loaded 20200348,nerikap@cellc.co.za
CellC_Acc20,60,840000020,Customer Name 20,3186.83,1112.22,2074.61,1020.96,1053.65,0,0,30,id_number 20,tel1_20,tel2_21,tel3_22,tel4_23,tel5_24,tel6_25,tel7_26,tel8_27,tel9_28,tel10_29,Loaded 20200349,magdelinem@cellc.co.za
CellC_Acc21,30,840000021,Customer Name 21,1128.02,564.01,564.01,564.01,0,0,0,30,id_number 21,tel1_21,tel2_22,tel3_23,tel4_24,tel5_25,tel6_26,tel7_27,tel8_28,tel9_29,tel10_30,Loaded 20200350,a.robson@cellc.co.za
CellC_Acc22,30,840000022,Customer Name 22,104.98,0,104.98,104.98,0,0,0,7,id_number 22,tel1_22,tel2_23,tel3_24,tel4_25,tel5_26,tel6_27,tel7_28,tel8_29,tel9_30,tel10_31,Loaded 20200351,nerikap@cellc.co.za
CellC_Acc23,90,840000023,Customer Name 23,679.96,169.99,509.97,169.99,169.99,169.99,0,30,id_number 23,tel1_23,tel2_24,tel3_25,tel4_26,tel5_27,tel6_28,tel7_29,tel8_30,tel9_31,tel10_32,Loaded 20200352,magdelinem@cellc.co.za
CellC_Acc24,30,840000024,Customer Name 24,1894.58,899,995.58,995.58,0,0,0,28,id_number 24,tel1_24,tel2_25,tel3_26,tel4_27,tel5_28,tel6_29,tel7_30,tel8_31,tel9_32,tel10_33,Loaded 20200353,a.robson@cellc.co.za
CellC_Acc25,90,840000025,Customer Name 25,1373.38,328.99,1044.39,260.49,388.45,395.45,0,30,id_number 25,tel1_25,tel2_26,tel3_27,tel4_28,tel5_29,tel6_30,tel7_31,tel8_32,tel9_33,tel10_34,Loaded 20200354,nerikap@cellc.co.za
CellC_Acc26,90,840000026,Customer Name 26,4190.03,0,4190.03,1081.01,1082.01,1012.01,1015,15,id_number 26,tel1_26,tel2_27,tel3_28,tel4_29,tel5_30,tel6_31,tel7_32,tel8_33,tel9_34,tel10_35,Loaded 20200355,magdelinem@cellc.co.za
CellC_Acc27,90,840000027,Customer Name 27,228.65,75,153.65,75,75,3.65,0,30,id_number 27,tel1_27,tel2_28,tel3_29,tel4_30,tel5_31,tel6_32,tel7_33,tel8_34,tel9_35,tel10_36,Loaded 20200356,a.robson@cellc.co.za
CellC_Acc28,60,840000028,Customer Name 28,4172,1314,2858,1244,1614,0,0,30,id_number 28,tel1_28,tel2_29,tel3_30,tel4_31,tel5_32,tel6_33,tel7_34,tel8_35,tel9_36,tel10_37,Loaded 20200357,nerikap@cellc.co.za
CellC_Acc29,90,840000029,Customer Name 29,3400.04,867.51,2532.53,867.51,797.51,867.51,0,30,id_number 29,tel1_29,tel2_30,tel3_31,tel4_32,tel5_33,tel6_34,tel7_35,tel8_36,tel9_37,tel10_38,Loaded 20200358,magdelinem@cellc.co.za
CellC_Acc30,90,840000030,Customer Name 30,1946.34,0,1946.34,477.08,769.63,699.63,0,15,id_number 30,tel1_30,tel2_31,tel3_32,tel4_33,tel5_34,tel6_35,tel7_36,tel8_37,tel9_38,tel10_39,Loaded 20200359,a.robson@cellc.co.za
CellC_Acc31,60,840000031,Customer Name 31,1101.97,413.99,687.98,343.99,343.99,0,0,30,id_number 31,tel1_31,tel2_32,tel3_33,tel4_34,tel5_35,tel6_36,tel7_37,tel8_38,tel9_39,tel10_40,Loaded 20200360,nerikap@cellc.co.za
CellC_Acc32,90,840000032,Customer Name 32,1361.79,459,902.79,464.77,219.01,219.01,0,30,id_number 32,tel1_32,tel2_33,tel3_34,tel4_35,tel5_36,tel6_37,tel7_38,tel8_39,tel9_40,tel10_41,Loaded 20200361,magdelinem@cellc.co.za
CellC_Acc33,90,840000033,Customer Name 33,1116,0,1116,279,279,279,279,15,id_number 33,tel1_33,tel2_34,tel3_35,tel4_36,tel5_37,tel6_38,tel7_39,tel8_40,tel9_41,tel10_42,Loaded 20200362,a.robson@cellc.co.za
CellC_Acc34,60,840000034,Customer Name 34,926.24,0,926.24,428.12,498.12,0,0,15,id_number 34,tel1_34,tel2_35,tel3_36,tel4_37,tel5_38,tel6_39,tel7_40,tel8_41,tel9_42,tel10_43,Loaded 20200363,nerikap@cellc.co.za
CellC_Acc35,60,840000035,Customer Name 35,760.12,0,760.12,415.06,345.06,0,0,15,id_number 35,tel1_35,tel2_36,tel3_37,tel4_38,tel5_39,tel6_40,tel7_41,tel8_42,tel9_43,tel10_44,Loaded 20200364,magdelinem@cellc.co.za
CellC_Acc36,30,840000036,Customer Name 36,234.99,0,234.99,234.99,0,0,0,6,id_number 36,tel1_36,tel2_37,tel3_38,tel4_39,tel5_40,tel6_41,tel7_42,tel8_43,tel9_44,tel10_45,Loaded 20200365,a.robson@cellc.co.za
CellC_Acc37,60,840000037,Customer Name 37,97.98,0,97.98,96.3,1.68,0,0,15,id_number 37,tel1_37,tel2_38,tel3_39,tel4_40,tel5_41,tel6_42,tel7_43,tel8_44,tel9_45,tel10_46,Loaded 20200366,nerikap@cellc.co.za
CellC_Acc38,60,840000038,Customer Name 38,659.98,0,659.98,364.99,294.99,0,0,22,id_number 38,tel1_38,tel2_39,tel3_40,tel4_41,tel5_42,tel6_43,tel7_44,tel8_45,tel9_46,tel10_47,Loaded 20200367,magdelinem@cellc.co.za
CellC_Acc39,30,840000039,Customer Name 39,359,0,359,359,0,0,0,7,id_number 39,tel1_39,tel2_40,tel3_41,tel4_42,tel5_43,tel6_44,tel7_45,tel8_46,tel9_47,tel10_48,Loaded 20200368,a.robson@cellc.co.za
CellC_Acc40,60,840000040,Customer Name 40,1054.87,0,1054.87,1028.47,26.4,0,0,21,id_number 40,tel1_40,tel2_41,tel3_42,tel4_43,tel5_44,tel6_45,tel7_46,tel8_47,tel9_48,tel10_49,Loaded 20200369,nerikap@cellc.co.za
CellC_Acc41,90,840000041,Customer Name 41,512.04,0,512.04,128.01,128.01,128.01,128.01,22,id_number 41,tel1_41,tel2_42,tel3_43,tel4_44,tel5_45,tel6_46,tel7_47,tel8_48,tel9_49,tel10_50,Loaded 20200370,magdelinem@cellc.co.za
CellC_Acc42,90,840000042,Customer Name 42,260,65,195,65,65,65,0,27,id_number 42,tel1_42,tel2_43,tel3_44,tel4_45,tel5_46,tel6_47,tel7_48,tel8_49,tel9_50,tel10_51,Loaded 20200371,a.robson@cellc.co.za
CellC_Acc43,90,840000043,Customer Name 43,810.03,0,810.03,270.01,270.01,270.01,0,15,id_number 43,tel1_43,tel2_44,tel3_45,tel4_46,tel5_47,tel6_48,tel7_49,tel8_50,tel9_51,tel10_52,Loaded 20200372,nerikap@cellc.co.za
CellC_Acc44,90,840000044,Customer Name 44,1042.65,283.13,759.52,283.13,283.13,193.26,0,1,id_number 44,tel1_44,tel2_45,tel3_46,tel4_47,tel5_48,tel6_49,tel7_50,tel8_51,tel9_52,tel10_53,Loaded 20200373,magdelinem@cellc.co.za
CellC_Acc45,90,840000045,Customer Name 45,1364.51,0,1364.51,383.2,383.13,215,383.18,20,id_number 45,tel1_45,tel2_46,tel3_47,tel4_48,tel5_49,tel6_50,tel7_51,tel8_52,tel9_53,tel10_54,Loaded 20200374,a.robson@cellc.co.za
CellC_Acc46,90,840000046,Customer Name 46,3378.68,0,3378.68,862.17,862.17,862.17,792.17,15,id_number 46,tel1_46,tel2_47,tel3_48,tel4_49,tel5_50,tel6_51,tel7_52,tel8_53,tel9_54,tel10_55,Loaded 20200375,nerikap@cellc.co.za
CellC_Acc47,90,840000047,Customer Name 47,430.49,0,430.49,0,79.44,351.05,0,30,id_number 47,tel1_47,tel2_48,tel3_49,tel4_50,tel5_51,tel6_52,tel7_53,tel8_54,tel9_55,tel10_56,Loaded 20200376,magdelinem@cellc.co.za
CellC_Acc48,90,840000048,Customer Name 48,1389.2,215.6,1173.6,215.6,215.6,285.6,456.8,30,id_number 48,tel1_48,tel2_49,tel3_50,tel4_51,tel5_52,tel6_53,tel7_54,tel8_55,tel9_56,tel10_57,Loaded 20200377,a.robson@cellc.co.za
CellC_Acc49,90,840000049,Customer Name 49,2018.98,154.01,1864.97,154.01,154.01,154.01,1402.94,28,id_number 49,tel1_49,tel2_50,tel3_51,tel4_52,tel5_53,tel6_54,tel7_55,tel8_56,tel9_57,tel10_58,Loaded 20200378,nerikap@cellc.co.za
CellC_Acc50,90,840000050,Customer Name 50,885,205,680,135,205,135,205,30,id_number 50,tel1_50,tel2_51,tel3_52,tel4_53,tel5_54,tel6_55,tel7_56,tel8_57,tel9_58,tel10_59,Loaded 20200379,magdelinem@cellc.co.za
CellC_Acc51,30,840000051,Customer Name 51,1839.01,884.48,954.53,954.53,0,0,0,1,id_number 51,tel1_51,tel2_52,tel3_53,tel4_54,tel5_55,tel6_56,tel7_57,tel8_58,tel9_59,tel10_60,Loaded 20200380,a.robson@cellc.co.za
CellC_Acc52,60,840000052,Customer Name 52,3484.83,0,3484.83,1765.17,1719.66,0,0,15,id_number 52,tel1_52,tel2_53,tel3_54,tel4_55,tel5_56,tel6_57,tel7_58,tel8_59,tel9_60,tel10_61,Loaded 20200381,nerikap@cellc.co.za
CellC_Acc53,60,840000053,Customer Name 53,693.71,0,693.71,204.01,489.7,0,0,15,id_number 53,tel1_53,tel2_54,tel3_55,tel4_56,tel5_57,tel6_58,tel7_59,tel8_60,tel9_61,tel10_62,Loaded 20200382,magdelinem@cellc.co.za
CellC_Acc54,30,840000054,Customer Name 54,509.55,0,509.55,509.55,0,0,0,6,id_number 54,tel1_54,tel2_55,tel3_56,tel4_57,tel5_58,tel6_59,tel7_60,tel8_61,tel9_62,tel10_63,Loaded 20200383,a.robson@cellc.co.za
CellC_Acc55,90,840000055,Customer Name 55,525,0,525,175,175,175,0,15,id_number 55,tel1_55,tel2_56,tel3_57,tel4_58,tel5_59,tel6_60,tel7_61,tel8_62,tel9_63,tel10_64,Loaded 20200384,nerikap@cellc.co.za
CellC_Acc56,90,840000056,Customer Name 56,3372.06,543,2829.06,613,613,778.43,824.63,28,id_number 56,tel1_56,tel2_57,tel3_58,tel4_59,tel5_60,tel6_61,tel7_62,tel8_63,tel9_64,tel10_65,Loaded 20200385,magdelinem@cellc.co.za
CellC_Acc57,90,840000057,Customer Name 57,665,135,530,135,135,135,125,30,id_number 57,tel1_57,tel2_58,tel3_59,tel4_60,tel5_61,tel6_62,tel7_63,tel8_64,tel9_65,tel10_66,Loaded 20200386,a.robson@cellc.co.za
CellC_Acc58,30,840000058,Customer Name 58,1116,558,558,558,0,0,0,30,id_number 58,tel1_58,tel2_59,tel3_60,tel4_61,tel5_62,tel6_63,tel7_64,tel8_65,tel9_66,tel10_67,Loaded 20200387,nerikap@cellc.co.za
CellC_Acc59,60,840000059,Customer Name 59,1137.03,379.01,758.02,379.01,379.01,0,0,30,id_number 59,tel1_59,tel2_60,tel3_61,tel4_62,tel5_63,tel6_64,tel7_65,tel8_66,tel9_67,tel10_68,Loaded 20200388,magdelinem@cellc.co.za
CellC_Acc60,90,840000060,Customer Name 60,1409.12,148.99,1260.13,148.99,219.98,149.98,741.18,28,id_number 60,tel1_60,tel2_61,tel3_62,tel4_63,tel5_64,tel6_65,tel7_66,tel8_67,tel9_68,tel10_69,Loaded 20200389,a.robson@cellc.co.za
CellC_Acc61,90,840000061,Customer Name 61,1150,305,845,305,305,235,0,30,id_number 61,tel1_61,tel2_62,tel3_63,tel4_64,tel5_65,tel6_66,tel7_67,tel8_68,tel9_69,tel10_70,Loaded 20200390,nerikap@cellc.co.za
CellC_Acc62,60,840000062,Customer Name 62,2964.73,698.99,2265.74,1954.8,310.94,0,0,30,id_number 62,tel1_62,tel2_63,tel3_64,tel4_65,tel5_66,tel6_67,tel7_68,tel8_69,tel9_70,tel10_71,Loaded 20200391,magdelinem@cellc.co.za
CellC_Acc63,90,840000063,Customer Name 63,785.18,239.06,546.12,237.06,239.06,70,0,30,id_number 63,tel1_63,tel2_64,tel3_65,tel4_66,tel5_67,tel6_68,tel7_69,tel8_70,tel9_71,tel10_72,Loaded 20200392,a.robson@cellc.co.za
CellC_Acc64,30,840000064,Customer Name 64,579.27,0,579.27,579.27,0,0,0,6,id_number 64,tel1_64,tel2_65,tel3_66,tel4_67,tel5_68,tel6_69,tel7_70,tel8_71,tel9_72,tel10_73,Loaded 20200393,nerikap@cellc.co.za
CellC_Acc65,90,840000065,Customer Name 65,2004.46,0,2004.46,518.12,518.12,519.11,449.11,15,id_number 65,tel1_65,tel2_66,tel3_67,tel4_68,tel5_69,tel6_70,tel7_71,tel8_72,tel9_73,tel10_74,Loaded 20200394,magdelinem@cellc.co.za
CellC_Acc66,90,840000066,Customer Name 66,1305,205,1100,275,275,275,275,30,id_number 66,tel1_66,tel2_67,tel3_68,tel4_69,tel5_70,tel6_71,tel7_72,tel8_73,tel9_74,tel10_75,Loaded 20200395,a.robson@cellc.co.za
CellC_Acc67,30,840000067,Customer Name 67,294,147,147,147,0,0,0,30,id_number 67,tel1_67,tel2_68,tel3_69,tel4_70,tel5_71,tel6_72,tel7_73,tel8_74,tel9_75,tel10_76,Loaded 20200396,nerikap@cellc.co.za
CellC_Acc68,90,840000068,Customer Name 68,1234.48,271.39,963.09,271.41,271.34,271.33,149.01,30,id_number 68,tel1_68,tel2_69,tel3_70,tel4_71,tel5_72,tel6_73,tel7_74,tel8_75,tel9_76,tel10_77,Loaded 20200397,magdelinem@cellc.co.za
CellC_Acc69,90,840000069,Customer Name 69,384.95,34.99,349.96,104.99,104.99,34.99,104.99,1,id_number 69,tel1_69,tel2_70,tel3_71,tel4_72,tel5_73,tel6_74,tel7_75,tel8_76,tel9_77,tel10_78,Loaded 20200398,a.robson@cellc.co.za
CellC_Acc70,30,840000070,Customer Name 70,98,49,49,49,0,0,0,30,id_number 70,tel1_70,tel2_71,tel3_72,tel4_73,tel5_74,tel6_75,tel7_76,tel8_77,tel9_78,tel10_79,Loaded 20200399,nerikap@cellc.co.za
CellC_Acc71,90,840000071,Customer Name 71,1890.74,469.99,1420.75,469.99,605.71,345.05,0,30,id_number 71,tel1_71,tel2_72,tel3_73,tel4_74,tel5_75,tel6_76,tel7_77,tel8_78,tel9_79,tel10_80,Loaded 20200400,magdelinem@cellc.co.za
CellC_Acc72,90,840000072,Customer Name 72,1427.62,105,1322.62,105,105,105,1007.62,28,id_number 72,tel1_72,tel2_73,tel3_74,tel4_75,tel5_76,tel6_77,tel7_78,tel8_79,tel9_80,tel10_81,Loaded 20200401,a.robson@cellc.co.za
CellC_Acc73,90,840000073,Customer Name 73,3138.28,802.07,2336.21,802.07,802.07,732.07,0,30,id_number 73,tel1_73,tel2_74,tel3_75,tel4_76,tel5_77,tel6_78,tel7_79,tel8_80,tel9_81,tel10_82,Loaded 20200402,nerikap@cellc.co.za
CellC_Acc74,90,840000074,Customer Name 74,2298,0,2298,592,592,592,522,15,id_number 74,tel1_74,tel2_75,tel3_76,tel4_77,tel5_78,tel6_79,tel7_80,tel8_81,tel9_82,tel10_83,Loaded 20200403,magdelinem@cellc.co.za
CellC_Acc75,90,840000075,Customer Name 75,5467.43,1403.31,4064.12,1354.71,1354.7,1354.71,0,30,id_number 75,tel1_75,tel2_76,tel3_77,tel4_78,tel5_79,tel6_80,tel7_81,tel8_82,tel9_83,tel10_84,Loaded 20200404,a.robson@cellc.co.za
CellC_Acc76,90,840000076,Customer Name 76,4590.25,0,4590.25,1076.25,1203.96,1176.06,1133.98,15,id_number 76,tel1_76,tel2_77,tel3_78,tel4_79,tel5_80,tel6_81,tel7_82,tel8_83,tel9_84,tel10_85,Loaded 20200405,nerikap@cellc.co.za
CellC_Acc77,90,840000077,Customer Name 77,3026.96,779.98,2246.98,749.01,748.99,748.98,0,27,id_number 77,tel1_77,tel2_78,tel3_79,tel4_80,tel5_81,tel6_82,tel7_83,tel8_84,tel9_85,tel10_86,Loaded 20200406,magdelinem@cellc.co.za
CellC_Acc78,90,840000078,Customer Name 78,844.86,199,645.86,199,269,177.86,0,30,id_number 78,tel1_78,tel2_79,tel3_80,tel4_81,tel5_82,tel6_83,tel7_84,tel8_85,tel9_86,tel10_87,Loaded 20200407,a.robson@cellc.co.za
CellC_Acc79,60,840000079,Customer Name 79,774.97,304.99,469.98,234.99,234.99,0,0,1,id_number 79,tel1_79,tel2_80,tel3_81,tel4_82,tel5_83,tel6_84,tel7_85,tel8_86,tel9_87,tel10_88,Loaded 20200408,nerikap@cellc.co.za
CellC_Acc80,60,840000080,Customer Name 80,530,0,530,510,20,0,0,15,id_number 80,tel1_80,tel2_81,tel3_82,tel4_83,tel5_84,tel6_85,tel7_86,tel8_87,tel9_88,tel10_89,Loaded 20200409,magdelinem@cellc.co.za
CellC_Acc81,90,840000081,Customer Name 81,2282.54,0,2282.54,587.37,588.39,588.39,518.39,15,id_number 81,tel1_81,tel2_82,tel3_83,tel4_84,tel5_85,tel6_86,tel7_87,tel8_88,tel9_89,tel10_90,Loaded 20200410,a.robson@cellc.co.za
CellC_Acc82,90,840000082,Customer Name 82,1054.06,194.01,860.05,194.01,264.01,194.01,208.02,27,id_number 82,tel1_82,tel2_83,tel3_84,tel4_85,tel5_86,tel6_87,tel7_88,tel8_89,tel9_90,tel10_91,Loaded 20200411,nerikap@cellc.co.za
CellC_Acc83,90,840000083,Customer Name 83,1102.04,293.01,809.03,293.01,223.01,293.01,0,30,id_number 83,tel1_83,tel2_84,tel3_85,tel4_86,tel5_87,tel6_88,tel7_89,tel8_90,tel9_91,tel10_92,Loaded 20200412,magdelinem@cellc.co.za
CellC_Acc84,90,840000084,Customer Name 84,237.03,0,237.03,79.01,79.01,79.01,0,20,id_number 84,tel1_84,tel2_85,tel3_86,tel4_87,tel5_88,tel6_89,tel7_90,tel8_91,tel9_92,tel10_93,Loaded 20200413,a.robson@cellc.co.za
CellC_Acc85,90,840000085,Customer Name 85,2993.45,0,2993.45,627.38,674.82,879.13,812.12,15,id_number 85,tel1_85,tel2_86,tel3_87,tel4_88,tel5_89,tel6_90,tel7_91,tel8_92,tel9_93,tel10_94,Loaded 20200414,nerikap@cellc.co.za
CellC_Acc86,90,840000086,Customer Name 86,551.01,0,551.01,49,119,119,264.01,15,id_number 86,tel1_86,tel2_87,tel3_88,tel4_89,tel5_90,tel6_91,tel7_92,tel8_93,tel9_94,tel10_95,Loaded 20200415,magdelinem@cellc.co.za
CellC_Acc87,90,840000087,Customer Name 87,1839.85,400,1439.85,400,399.99,639.86,0,30,id_number 87,tel1_87,tel2_88,tel3_89,tel4_90,tel5_91,tel6_92,tel7_93,tel8_94,tel9_95,tel10_96,Loaded 20200416,a.robson@cellc.co.za
CellC_Acc88,90,840000088,Customer Name 88,659.74,0,659.74,145,145,184.87,184.87,20,id_number 88,tel1_88,tel2_89,tel3_90,tel4_91,tel5_92,tel6_93,tel7_94,tel8_95,tel9_96,tel10_97,Loaded 20200417,nerikap@cellc.co.za
CellC_Acc89,90,840000089,Customer Name 89,2139.98,463.99,1675.99,463.99,463.99,748.01,0,30,id_number 89,tel1_89,tel2_90,tel3_91,tel4_92,tel5_93,tel6_94,tel7_95,tel8_96,tel9_97,tel10_98,Loaded 20200418,magdelinem@cellc.co.za
CellC_Acc90,90,840000090,Customer Name 90,678.45,105,573.45,105,126.47,341.98,0,30,id_number 90,tel1_90,tel2_91,tel3_92,tel4_93,tel5_94,tel6_95,tel7_96,tel8_97,tel9_98,tel10_99,Loaded 20200419,a.robson@cellc.co.za
CellC_Acc91,60,840000091,Customer Name 91,220.64,49,171.64,49,122.64,0,0,1,id_number 91,tel1_91,tel2_92,tel3_93,tel4_94,tel5_95,tel6_96,tel7_97,tel8_98,tel9_99,tel10_100,Loaded 20200420,nerikap@cellc.co.za
CellC_Acc92,90,840000092,Customer Name 92,516.56,0,516.56,149.01,79.01,179.27,109.27,15,id_number 92,tel1_92,tel2_93,tel3_94,tel4_95,tel5_96,tel6_97,tel7_98,tel8_99,tel9_100,tel10_101,Loaded 20200421,magdelinem@cellc.co.za
CellC_Acc93,90,840000093,Customer Name 93,2857.37,545,2312.37,545,635.79,565.79,565.79,1,id_number 93,tel1_93,tel2_94,tel3_95,tel4_96,tel5_97,tel6_98,tel7_99,tel8_100,tel9_101,tel10_102,Loaded 20200422,a.robson@cellc.co.za
CellC_Acc94,90,840000094,Customer Name 94,1292.22,229.61,1062.61,203.83,429.8,428.98,0,30,id_number 94,tel1_94,tel2_95,tel3_96,tel4_97,tel5_98,tel6_99,tel7_100,tel8_101,tel9_102,tel10_103,Loaded 20200423,nerikap@cellc.co.za
CellC_Acc95,90,840000095,Customer Name 95,1248.6,0,1248.6,218.99,319.87,319.87,389.87,20,id_number 95,tel1_95,tel2_96,tel3_97,tel4_98,tel5_99,tel6_100,tel7_101,tel8_102,tel9_103,tel10_104,Loaded 20200424,magdelinem@cellc.co.za
CellC_Acc96,90,840000096,Customer Name 96,1073.59,0,1073.59,328.99,337.3,407.3,0,15,id_number 96,tel1_96,tel2_97,tel3_98,tel4_99,tel5_100,tel6_101,tel7_102,tel8_103,tel9_104,tel10_105,Loaded 20200425,a.robson@cellc.co.za
CellC_Acc97,90,840000097,Customer Name 97,931.83,145,786.83,285.61,285.61,215.61,0,30,id_number 97,tel1_97,tel2_98,tel3_99,tel4_100,tel5_101,tel6_102,tel7_103,tel8_104,tel9_105,tel10_106,Loaded 20200426,nerikap@cellc.co.za
CellC_Acc98,60,840000098,Customer Name 98,542.38,0,542.38,286.02,256.36,0,0,20,id_number 98,tel1_98,tel2_99,tel3_100,tel4_101,tel5_102,tel6_103,tel7_104,tel8_105,tel9_106,tel10_107,Loaded 20200427,magdelinem@cellc.co.za
CellC_Acc99,60,840000099,Customer Name 99,960,320,640,320,320,0,0,30,id_number 99,tel1_99,tel2_100,tel3_101,tel4_102,tel5_103,tel6_104,tel7_105,tel8_106,tel9_107,tel10_108,Loaded 20200428,a.robson@cellc.co.za
CellC_Acc100,60,840000100,Customer Name 100,2712.95,0,2712.95,1356.17,1356.78,0,0,16,id_number 100,tel1_100,tel2_101,tel3_102,tel4_103,tel5_104,tel6_105,tel7_106,tel8_107,tel9_108,tel10_109,Loaded 20200429,nerikap@cellc.co.za
CellC_Acc101,90,840000101,Customer Name 101,881.32,0,881.32,255.08,255.08,255.08,116.08,17,id_number 101,tel1_101,tel2_102,tel3_103,tel4_104,tel5_105,tel6_106,tel7_107,tel8_108,tel9_109,tel10_110,Loaded 20200430,magdelinem@cellc.co.za
CellC_Acc102,90,840000102,Customer Name 102,504.39,0,504.39,214.13,145.13,145.13,0,21,id_number 102,tel1_102,tel2_103,tel3_104,tel4_105,tel5_106,tel6_107,tel7_108,tel8_109,tel9_110,tel10_111,Loaded 20200431,a.robson@cellc.co.za
CellC_Acc103,90,840000103,Customer Name 103,1055.12,0,1055.12,263.78,263.78,263.78,263.78,15,id_number 103,tel1_103,tel2_104,tel3_105,tel4_106,tel5_107,tel6_108,tel7_109,tel8_110,tel9_111,tel10_112,Loaded 20200432,nerikap@cellc.co.za
CellC_Acc104,90,840000104,Customer Name 104,1232.36,0,1232.36,434.12,434.12,364.12,0,6,id_number 104,tel1_104,tel2_105,tel3_106,tel4_107,tel5_108,tel6_109,tel7_110,tel8_111,tel9_112,tel10_113,Loaded 20200433,magdelinem@cellc.co.za
CellC_Acc105,30,840000105,Customer Name 105,465.36,0,465.36,465.36,0,0,0,7,id_number 105,tel1_105,tel2_106,tel3_107,tel4_108,tel5_109,tel6_110,tel7_111,tel8_112,tel9_113,tel10_114,Loaded 20200434,a.robson@cellc.co.za
CellC_Acc106,90,840000106,Customer Name 106,855.52,213.13,642.39,214.13,214.13,213.13,1,1,id_number 106,tel1_106,tel2_107,tel3_108,tel4_109,tel5_110,tel6_111,tel7_112,tel8_113,tel9_114,tel10_115,Loaded 20200435,nerikap@cellc.co.za
CellC_Acc107,60,840000107,Customer Name 107,1266.31,468.77,797.54,398.77,398.77,0,0,1,id_number 107,tel1_107,tel2_108,tel3_109,tel4_110,tel5_111,tel6_112,tel7_113,tel8_114,tel9_115,tel10_116,Loaded 20200436,magdelinem@cellc.co.za
CellC_Acc108,90,840000108,Customer Name 108,1853.85,367.77,1486.08,367.77,367.77,367.77,382.77,27,id_number 108,tel1_108,tel2_109,tel3_110,tel4_111,tel5_112,tel6_113,tel7_114,tel8_115,tel9_116,tel10_117,Loaded 20200437,a.robson@cellc.co.za
CellC_Acc109,60,840000109,Customer Name 109,791.34,263.78,527.56,263.78,263.78,0,0,30,id_number 109,tel1_109,tel2_110,tel3_111,tel4_112,tel5_113,tel6_114,tel7_115,tel8_116,tel9_117,tel10_118,Loaded 20200438,nerikap@cellc.co.za
CellC_Acc110,30,840000110,Customer Name 110,298,0,298,298,0,0,0,6,id_number 110,tel1_110,tel2_111,tel3_112,tel4_113,tel5_114,tel6_115,tel7_116,tel8_117,tel9_118,tel10_119,Loaded 20200439,magdelinem@cellc.co.za
CellC_Acc111,90,840000111,Customer Name 111,2798.03,0,2798.03,700.69,700.69,700.69,695.96,6,id_number 111,tel1_111,tel2_112,tel3_113,tel4_114,tel5_115,tel6_116,tel7_117,tel8_118,tel9_119,tel10_120,Loaded 20200440,a.robson@cellc.co.za
CellC_Acc112,30,840000112,Customer Name 112,1020.36,509.68,510.68,510.68,0,0,0,30,id_number 112,tel1_112,tel2_113,tel3_114,tel4_115,tel5_116,tel6_117,tel7_118,tel8_119,tel9_120,tel10_121,Loaded 20200441,nerikap@cellc.co.za
CellC_Acc113,90,840000113,Customer Name 113,4373.23,997.8,3375.43,1167.8,1153.62,993.81,60.2,30,id_number 113,tel1_113,tel2_114,tel3_115,tel4_116,tel5_117,tel6_118,tel7_119,tel8_120,tel9_121,tel10_122,Loaded 20200442,magdelinem@cellc.co.za
CellC_Acc114,30,840000114,Customer Name 114,360.78,180.39,180.39,180.39,0,0,0,30,id_number 114,tel1_114,tel2_115,tel3_116,tel4_117,tel5_118,tel6_119,tel7_120,tel8_121,tel9_122,tel10_123,Loaded 20200443,a.robson@cellc.co.za
CellC_Acc115,90,840000115,Customer Name 115,763.99,155.99,608,226,226,156,0,30,id_number 115,tel1_115,tel2_116,tel3_117,tel4_118,tel5_119,tel6_120,tel7_121,tel8_122,tel9_123,tel10_124,Loaded 20200444,nerikap@cellc.co.za
CellC_Acc116,90,840000116,Customer Name 116,2154.96,518.12,1636.84,518.12,518.12,518.12,82.48,30,id_number 116,tel1_116,tel2_117,tel3_118,tel4_119,tel5_120,tel6_121,tel7_122,tel8_123,tel9_124,tel10_125,Loaded 20200445,magdelinem@cellc.co.za
CellC_Acc117,60,840000117,Customer Name 117,1497.99,489.99,1008,489.99,518.01,0,0,30,id_number 117,tel1_117,tel2_118,tel3_119,tel4_120,tel5_121,tel6_122,tel7_123,tel8_124,tel9_125,tel10_126,Loaded 20200446,a.robson@cellc.co.za
CellC_Acc118,30,840000118,Customer Name 118,287.22,143.61,143.61,143.61,0,0,0,30,id_number 118,tel1_118,tel2_119,tel3_120,tel4_121,tel5_122,tel6_123,tel7_124,tel8_125,tel9_126,tel10_127,Loaded 20200447,nerikap@cellc.co.za
CellC_Acc119,60,840000119,Customer Name 119,770.78,0,770.78,385.39,385.39,0,0,16,id_number 119,tel1_119,tel2_120,tel3_121,tel4_122,tel5_123,tel6_124,tel7_125,tel8_126,tel9_127,tel10_128,Loaded 20200448,magdelinem@cellc.co.za
CellC_Acc120,90,840000120,Customer Name 120,1420,390,1030,390,320,320,0,30,id_number 120,tel1_120,tel2_121,tel3_122,tel4_123,tel5_124,tel6_125,tel7_126,tel8_127,tel9_128,tel10_129,Loaded 20200449,a.robson@cellc.co.za
CellC_Acc121,60,840000121,Customer Name 121,1814.03,907.01,907.02,907.01,0.01,0,0,30,id_number 121,tel1_121,tel2_122,tel3_123,tel4_124,tel5_125,tel6_126,tel7_127,tel8_128,tel9_129,tel10_130,Loaded 20200450,nerikap@cellc.co.za
CellC_Acc122,60,840000122,Customer Name 122,957,319,638,319,319,0,0,30,id_number 122,tel1_122,tel2_123,tel3_124,tel4_125,tel5_126,tel6_127,tel7_128,tel8_129,tel9_130,tel10_131,Loaded 20200451,magdelinem@cellc.co.za
CellC_Acc123,90,840000123,Customer Name 123,2937.48,688.01,2249.47,688.01,738.45,823.01,0,30,id_number 123,tel1_123,tel2_124,tel3_125,tel4_126,tel5_127,tel6_128,tel7_129,tel8_130,tel9_131,tel10_132,Loaded 20200452,a.robson@cellc.co.za
CellC_Acc124,90,840000124,Customer Name 124,1090,325,765,255,255,255,0,30,id_number 124,tel1_124,tel2_125,tel3_126,tel4_127,tel5_128,tel6_129,tel7_130,tel8_131,tel9_132,tel10_133,Loaded 20200453,nerikap@cellc.co.za
CellC_Acc125,60,840000125,Customer Name 125,2670.03,890.01,1780.02,890.01,890.01,0,0,30,id_number 125,tel1_125,tel2_126,tel3_127,tel4_128,tel5_129,tel6_130,tel7_131,tel8_132,tel9_133,tel10_134,Loaded 20200454,magdelinem@cellc.co.za
CellC_Acc126,90,840000126,Customer Name 126,1218.14,0,1218.14,250.39,320.39,320.39,326.97,16,id_number 126,tel1_126,tel2_127,tel3_128,tel4_129,tel5_130,tel6_131,tel7_132,tel8_133,tel9_134,tel10_135,Loaded 20200455,a.robson@cellc.co.za
CellC_Acc127,60,840000127,Customer Name 127,1637.48,494.73,1142.75,503,639.75,0,0,30,id_number 127,tel1_127,tel2_128,tel3_129,tel4_130,tel5_131,tel6_132,tel7_133,tel8_134,tel9_135,tel10_136,Loaded 20200456,nerikap@cellc.co.za
CellC_Acc128,60,840000128,Customer Name 128,1706.97,568.99,1137.98,568.99,568.99,0,0,30,id_number 128,tel1_128,tel2_129,tel3_130,tel4_131,tel5_132,tel6_133,tel7_134,tel8_135,tel9_136,tel10_137,Loaded 20200457,magdelinem@cellc.co.za
CellC_Acc129,90,840000129,Customer Name 129,1415.96,318.99,1096.97,318.99,388.99,388.99,0,27,id_number 129,tel1_129,tel2_130,tel3_131,tel4_132,tel5_133,tel6_134,tel7_135,tel8_136,tel9_137,tel10_138,Loaded 20200458,a.robson@cellc.co.za
CellC_Acc130,90,840000130,Customer Name 130,2109.95,421.99,1687.96,421.99,421.99,421.99,421.99,30,id_number 130,tel1_130,tel2_131,tel3_132,tel4_133,tel5_134,tel6_135,tel7_136,tel8_137,tel9_138,tel10_139,Loaded 20200459,nerikap@cellc.co.za
CellC_Acc131,90,840000131,Customer Name 131,3139.95,585.99,2553.96,655.99,655.99,585.99,655.99,28,id_number 131,tel1_131,tel2_132,tel3_133,tel4_134,tel5_135,tel6_136,tel7_137,tel8_138,tel9_139,tel10_140,Loaded 20200460,magdelinem@cellc.co.za
CellC_Acc132,90,840000132,Customer Name 132,1865,401,1464,401,401,331,331,1,id_number 132,tel1_132,tel2_133,tel3_134,tel4_135,tel5_136,tel6_137,tel7_138,tel8_139,tel9_140,tel10_141,Loaded 20200461,a.robson@cellc.co.za
CellC_Acc133,90,840000133,Customer Name 133,1709.95,299.99,1409.96,369.99,369.99,369.99,299.99,27,id_number 133,tel1_133,tel2_134,tel3_135,tel4_136,tel5_137,tel6_138,tel7_139,tel8_140,tel9_141,tel10_142,Loaded 20200462,nerikap@cellc.co.za
CellC_Acc134,60,840000134,Customer Name 134,1151.94,383.98,767.96,383.98,383.98,0,0,30,id_number 134,tel1_134,tel2_135,tel3_136,tel4_137,tel5_138,tel6_139,tel7_140,tel8_141,tel9_142,tel10_143,Loaded 20200463,magdelinem@cellc.co.za
CellC_Acc135,90,840000135,Customer Name 135,1410,0,1410,370,370,370,300,15,id_number 135,tel1_135,tel2_136,tel3_137,tel4_138,tel5_139,tel6_140,tel7_141,tel8_142,tel9_143,tel10_144,Loaded 20200464,a.robson@cellc.co.za
CellC_Acc136,90,840000136,Customer Name 136,2427,0,2427,809,809,809,0,6,id_number 136,tel1_136,tel2_137,tel3_138,tel4_139,tel5_140,tel6_141,tel7_142,tel8_143,tel9_144,tel10_145,Loaded 20200465,nerikap@cellc.co.za
CellC_Acc137,90,840000137,Customer Name 137,1426,374,1052,374,304,374,0,1,id_number 137,tel1_137,tel2_138,tel3_139,tel4_140,tel5_141,tel6_142,tel7_143,tel8_144,tel9_145,tel10_146,Loaded 20200466,magdelinem@cellc.co.za
CellC_Acc138,30,840000138,Customer Name 138,393.99,0,393.99,393.99,0,0,0,6,id_number 138,tel1_138,tel2_139,tel3_140,tel4_141,tel5_142,tel6_143,tel7_144,tel8_145,tel9_146,tel10_147,Loaded 20200467,a.robson@cellc.co.za
CellC_Acc139,60,840000139,Customer Name 139,1306,0,1306,688,618,0,0,15,id_number 139,tel1_139,tel2_140,tel3_141,tel4_142,tel5_143,tel6_144,tel7_145,tel8_146,tel9_147,tel10_148,Loaded 20200468,nerikap@cellc.co.za
CellC_Acc140,90,840000140,Customer Name 140,1490,390,1100,390,320,390,0,30,id_number 140,tel1_140,tel2_141,tel3_142,tel4_143,tel5_144,tel6_145,tel7_146,tel8_147,tel9_148,tel10_149,Loaded 20200469,magdelinem@cellc.co.za
CellC_Acc141,90,840000141,Customer Name 141,676.08,169.02,507.06,169.02,169.02,169.02,0,30,id_number 141,tel1_141,tel2_142,tel3_143,tel4_144,tel5_145,tel6_146,tel7_147,tel8_148,tel9_149,tel10_150,Loaded 20200470,a.robson@cellc.co.za
CellC_Acc142,90,840000142,Customer Name 142,1166,309,857,309,239,309,0,30,id_number 142,tel1_142,tel2_143,tel3_144,tel4_145,tel5_146,tel6_147,tel7_148,tel8_149,tel9_150,tel10_151,Loaded 20200471,nerikap@cellc.co.za
CellC_Acc143,30,840000143,Customer Name 143,1227.96,613.98,613.98,613.98,0,0,0,1,id_number 143,tel1_143,tel2_144,tel3_145,tel4_146,tel5_147,tel6_148,tel7_149,tel8_150,tel9_151,tel10_152,Loaded 20200472,magdelinem@cellc.co.za
CellC_Acc144,90,840000144,Customer Name 144,1186,0,1186,225,225,368,368,15,id_number 144,tel1_144,tel2_145,tel3_146,tel4_147,tel5_148,tel6_149,tel7_150,tel8_151,tel9_152,tel10_153,Loaded 20200473,a.robson@cellc.co.za
CellC_Acc145,90,840000145,Customer Name 145,1380.08,380.02,1000.06,380.02,310.02,310.02,0,1,id_number 145,tel1_145,tel2_146,tel3_147,tel4_148,tel5_149,tel6_150,tel7_151,tel8_152,tel9_153,tel10_154,Loaded 20200474,nerikap@cellc.co.za
CellC_Acc146,90,840000146,Customer Name 146,1176,329,847,329,259,259,0,27,id_number 146,tel1_146,tel2_147,tel3_148,tel4_149,tel5_150,tel6_151,tel7_152,tel8_153,tel9_154,tel10_155,Loaded 20200475,magdelinem@cellc.co.za
CellC_Acc147,90,840000147,Customer Name 147,1437.52,394.38,1043.14,394.38,324.38,324.38,0,30,id_number 147,tel1_147,tel2_148,tel3_149,tel4_150,tel5_151,tel6_152,tel7_153,tel8_154,tel9_155,tel10_156,Loaded 20200476,a.robson@cellc.co.za
CellC_Acc148,30,840000148,Customer Name 148,514.25,0,514.25,514.25,0,0,0,6,id_number 148,tel1_148,tel2_149,tel3_150,tel4_151,tel5_152,tel6_153,tel7_154,tel8_155,tel9_156,tel10_157,Loaded 20200477,nerikap@cellc.co.za
CellC_Acc149,30,840000149,Customer Name 149,1111.07,791.07,320,320,0,0,0,30,id_number 149,tel1_149,tel2_150,tel3_151,tel4_152,tel5_153,tel6_154,tel7_155,tel8_156,tel9_157,tel10_158,Loaded 20200478,magdelinem@cellc.co.za
CellC_Acc150,90,840000150,Customer Name 150,3135,571,2564,641,641,641,641,28,id_number 150,tel1_150,tel2_151,tel3_152,tel4_153,tel5_154,tel6_155,tel7_156,tel8_157,tel9_158,tel10_159,Loaded 20200479,a.robson@cellc.co.za
CellC_Acc151,90,840000151,Customer Name 151,1499.9,243.98,1255.92,313.98,0,313.98,627.96,27,id_number 151,tel1_151,tel2_152,tel3_153,tel4_154,tel5_155,tel6_156,tel7_157,tel8_158,tel9_159,tel10_160,Loaded 20200480,nerikap@cellc.co.za
CellC_Acc152,90,840000152,Customer Name 152,1186,0,1186,349,279,279,279,15,id_number 152,tel1_152,tel2_153,tel3_154,tel4_155,tel5_156,tel6_157,tel7_158,tel8_159,tel9_160,tel10_161,Loaded 20200481,magdelinem@cellc.co.za
CellC_Acc153,90,840000153,Customer Name 153,3301.92,772.98,2528.94,842.98,842.98,842.98,0,28,id_number 153,tel1_153,tel2_154,tel3_155,tel4_156,tel5_157,tel6_158,tel7_159,tel8_160,tel9_161,tel10_162,Loaded 20200482,a.robson@cellc.co.za
CellC_Acc154,60,840000154,Customer Name 154,1320.93,440.31,880.62,440.31,440.31,0,0,1,id_number 154,tel1_154,tel2_155,tel3_156,tel4_157,tel5_158,tel6_159,tel7_160,tel8_161,tel9_162,tel10_163,Loaded 20200483,nerikap@cellc.co.za
CellC_Acc155,90,840000155,Customer Name 155,2056,0,2056,514,514,514,514,15,id_number 155,tel1_155,tel2_156,tel3_157,tel4_158,tel5_159,tel6_160,tel7_161,tel8_162,tel9_163,tel10_164,Loaded 20200484,magdelinem@cellc.co.za
CellC_Acc156,60,840000156,Customer Name 156,1142.03,404.01,738.02,404.01,334.01,0,0,30,id_number 156,tel1_156,tel2_157,tel3_158,tel4_159,tel5_160,tel6_161,tel7_162,tel8_163,tel9_164,tel10_165,Loaded 20200485,a.robson@cellc.co.za
CellC_Acc157,30,840000157,Customer Name 157,689.98,344.99,344.99,344.99,0,0,0,1,id_number 157,tel1_157,tel2_158,tel3_159,tel4_160,tel5_161,tel6_162,tel7_163,tel8_164,tel9_165,tel10_166,Loaded 20200486,nerikap@cellc.co.za
CellC_Acc158,90,840000158,Customer Name 158,1225,389,836,389,389,58,0,1,id_number 158,tel1_158,tel2_159,tel3_160,tel4_161,tel5_162,tel6_163,tel7_164,tel8_165,tel9_166,tel10_167,Loaded 20200487,magdelinem@cellc.co.za
CellC_Acc159,90,840000159,Customer Name 159,665,0,665,245,245,175,0,15,id_number 159,tel1_159,tel2_160,tel3_161,tel4_162,tel5_163,tel6_164,tel7_165,tel8_166,tel9_167,tel10_168,Loaded 20200488,a.robson@cellc.co.za
CellC_Acc160,60,840000160,Customer Name 160,1799.97,599.99,1199.98,599.99,599.99,0,0,30,id_number 160,tel1_160,tel2_161,tel3_162,tel4_163,tel5_164,tel6_165,tel7_166,tel8_167,tel9_168,tel10_169,Loaded 20200489,nerikap@cellc.co.za
CellC_Acc161,60,840000161,Customer Name 161,1359.9,478,881.9,408,473.9,0,0,30,id_number 161,tel1_161,tel2_162,tel3_163,tel4_164,tel5_165,tel6_166,tel7_167,tel8_168,tel9_169,tel10_170,Loaded 20200490,magdelinem@cellc.co.za
CellC_Acc162,30,840000162,Customer Name 162,344.99,0,344.99,344.99,0,0,0,7,id_number 162,tel1_162,tel2_163,tel3_164,tel4_165,tel5_166,tel6_167,tel7_168,tel8_169,tel9_170,tel10_171,Loaded 20200491,a.robson@cellc.co.za
CellC_Acc163,60,840000163,Customer Name 163,776.97,258.99,517.98,258.99,258.99,0,0,28,id_number 163,tel1_163,tel2_164,tel3_165,tel4_166,tel5_167,tel6_168,tel7_169,tel8_170,tel9_171,tel10_172,Loaded 20200492,nerikap@cellc.co.za
CellC_Acc164,90,840000164,Customer Name 164,316.04,79.01,237.03,79.01,79.01,79.01,0,1,id_number 164,tel1_164,tel2_165,tel3_166,tel4_167,tel5_168,tel6_169,tel7_170,tel8_171,tel9_172,tel10_173,Loaded 20200493,magdelinem@cellc.co.za
CellC_Acc165,60,840000165,Customer Name 165,285.96,95.32,190.64,95.32,95.32,0,0,30,id_number 165,tel1_165,tel2_166,tel3_167,tel4_168,tel5_169,tel6_170,tel7_171,tel8_172,tel9_173,tel10_174,Loaded 20200494,a.robson@cellc.co.za
CellC_Acc166,90,840000166,Customer Name 166,981,0,981,327,327,327,0,15,id_number 166,tel1_166,tel2_167,tel3_168,tel4_169,tel5_170,tel6_171,tel7_172,tel8_173,tel9_174,tel10_175,Loaded 20200495,nerikap@cellc.co.za
CellC_Acc167,90,840000167,Customer Name 167,740.17,0,740.17,339,339,62.17,0,7,id_number 167,tel1_167,tel2_168,tel3_169,tel4_170,tel5_171,tel6_172,tel7_173,tel8_174,tel9_175,tel10_176,Loaded 20200496,magdelinem@cellc.co.za
CellC_Acc168,60,840000168,Customer Name 168,1378,0,1378,689,689,0,0,15,id_number 168,tel1_168,tel2_169,tel3_170,tel4_171,tel5_172,tel6_173,tel7_174,tel8_175,tel9_176,tel10_177,Loaded 20200497,a.robson@cellc.co.za
CellC_Acc169,30,840000169,Customer Name 169,795.96,398.99,396.97,396.97,0,0,0,1,id_number 169,tel1_169,tel2_170,tel3_171,tel4_172,tel5_173,tel6_174,tel7_175,tel8_176,tel9_177,tel10_178,Loaded 20200498,nerikap@cellc.co.za
CellC_Acc170,90,840000170,Customer Name 170,757.44,0,757.44,206.86,206.86,206.86,136.86,15,id_number 170,tel1_170,tel2_171,tel3_172,tel4_173,tel5_174,tel6_175,tel7_176,tel8_177,tel9_178,tel10_179,Loaded 20200499,magdelinem@cellc.co.za
CellC_Acc171,30,840000171,Customer Name 171,138,0,138,138,0,0,0,6,id_number 171,tel1_171,tel2_172,tel3_173,tel4_174,tel5_175,tel6_176,tel7_177,tel8_178,tel9_179,tel10_180,Loaded 20200500,a.robson@cellc.co.za
CellC_Acc172,90,840000172,Customer Name 172,1100.2,275.05,825.15,275.05,275.05,275.05,0,30,id_number 172,tel1_172,tel2_173,tel3_174,tel4_175,tel5_176,tel6_177,tel7_178,tel8_179,tel9_180,tel10_181,Loaded 20200501,nerikap@cellc.co.za
CellC_Acc173,60,840000173,Customer Name 173,1037,369,668,299,369,0,0,1,id_number 173,tel1_173,tel2_174,tel3_175,tel4_176,tel5_177,tel6_178,tel7_179,tel8_180,tel9_181,tel10_182,Loaded 20200502,magdelinem@cellc.co.za
CellC_Acc174,90,840000174,Customer Name 174,1705.04,0,1705.04,213.13,213.13,213.13,1065.65,15,id_number 174,tel1_174,tel2_175,tel3_176,tel4_177,tel5_178,tel6_179,tel7_180,tel8_181,tel9_182,tel10_183,Loaded 20200503,a.robson@cellc.co.za
CellC_Acc175,30,840000175,Customer Name 175,1378.37,677.99,700.38,700.38,0,0,0,1,id_number 175,tel1_175,tel2_176,tel3_177,tel4_178,tel5_179,tel6_180,tel7_181,tel8_182,tel9_183,tel10_184,Loaded 20200504,nerikap@cellc.co.za
CellC_Acc176,90,840000176,Customer Name 176,1340.01,0,1340.01,442,442,442,14.01,6,id_number 176,tel1_176,tel2_177,tel3_178,tel4_179,tel5_180,tel6_181,tel7_182,tel8_183,tel9_184,tel10_185,Loaded 20200505,magdelinem@cellc.co.za
CellC_Acc177,90,840000177,Customer Name 177,1635,369,1266,369,299,299,299,1,id_number 177,tel1_177,tel2_178,tel3_179,tel4_180,tel5_181,tel6_182,tel7_183,tel8_184,tel9_185,tel10_186,Loaded 20200506,a.robson@cellc.co.za
CellC_Acc178,90,840000178,Customer Name 178,1178.61,0,1178.61,367.99,367.99,367.99,74.64,7,id_number 178,tel1_178,tel2_179,tel3_180,tel4_181,tel5_182,tel6_183,tel7_184,tel8_185,tel9_186,tel10_187,Loaded 20200507,nerikap@cellc.co.za
CellC_Acc179,30,840000179,Customer Name 179,328,129,199,199,0,0,0,1,id_number 179,tel1_179,tel2_180,tel3_181,tel4_182,tel5_183,tel6_184,tel7_185,tel8_186,tel9_187,tel10_188,Loaded 20200508,magdelinem@cellc.co.za
CellC_Acc180,90,840000180,Customer Name 180,3494.6,908.4,2586.2,908.4,839.4,838.4,0,30,id_number 180,tel1_180,tel2_181,tel3_182,tel4_183,tel5_184,tel6_185,tel7_186,tel8_187,tel9_188,tel10_189,Loaded 20200509,a.robson@cellc.co.za
CellC_Acc181,30,840000181,Customer Name 181,437.4,250,187.4,187.4,0,0,0,1,id_number 181,tel1_181,tel2_182,tel3_183,tel4_184,tel5_185,tel6_186,tel7_187,tel8_188,tel9_189,tel10_190,Loaded 20200510,nerikap@cellc.co.za
CellC_Acc182,90,840000182,Customer Name 182,2192.01,607,1585.01,607,607,371.01,0,1,id_number 182,tel1_182,tel2_183,tel3_184,tel4_185,tel5_186,tel6_187,tel7_188,tel8_189,tel9_190,tel10_191,Loaded 20200511,magdelinem@cellc.co.za
CellC_Acc183,90,840000183,Customer Name 183,2188,599,1589,529,530,530,0,1,id_number 183,tel1_183,tel2_184,tel3_185,tel4_186,tel5_187,tel6_188,tel7_189,tel8_190,tel9_191,tel10_192,Loaded 20200512,a.robson@cellc.co.za
CellC_Acc184,90,840000184,Customer Name 184,2137.19,712.06,1425.13,712.06,712.06,1.01,0,30,id_number 184,tel1_184,tel2_185,tel3_186,tel4_187,tel5_188,tel6_189,tel7_190,tel8_191,tel9_192,tel10_193,Loaded 20200513,nerikap@cellc.co.za
CellC_Acc185,30,840000185,Customer Name 185,568,0,568,568,0,0,0,6,id_number 185,tel1_185,tel2_186,tel3_187,tel4_188,tel5_189,tel6_190,tel7_191,tel8_192,tel9_193,tel10_194,Loaded 20200514,magdelinem@cellc.co.za
CellC_Acc186,90,840000186,Customer Name 186,1522,433,1089,363,363,363,0,1,id_number 186,tel1_186,tel2_187,tel3_188,tel4_189,tel5_190,tel6_191,tel7_192,tel8_193,tel9_194,tel10_195,Loaded 20200515,a.robson@cellc.co.za
CellC_Acc187,60,840000187,Customer Name 187,2010.09,646,1364.09,646,718.09,0,0,30,id_number 187,tel1_187,tel2_188,tel3_189,tel4_190,tel5_191,tel6_192,tel7_193,tel8_194,tel9_195,tel10_196,Loaded 20200516,nerikap@cellc.co.za
CellC_Acc188,90,840000188,Customer Name 188,1222,323,899,323,323,253,0,27,id_number 188,tel1_188,tel2_189,tel3_190,tel4_191,tel5_192,tel6_193,tel7_194,tel8_195,tel9_196,tel10_197,Loaded 20200517,magdelinem@cellc.co.za
CellC_Acc189,30,840000189,Customer Name 189,263.99,0,263.99,263.99,0,0,0,7,id_number 189,tel1_189,tel2_190,tel3_191,tel4_192,tel5_193,tel6_194,tel7_195,tel8_196,tel9_197,tel10_198,Loaded 20200518,a.robson@cellc.co.za
CellC_Acc190,90,840000190,Customer Name 190,1000.87,269,731.87,305.87,348,78,0,30,id_number 190,tel1_190,tel2_191,tel3_192,tel4_193,tel5_194,tel6_195,tel7_196,tel8_197,tel9_198,tel10_199,Loaded 20200519,nerikap@cellc.co.za
CellC_Acc191,90,840000191,Customer Name 191,1366,0,1366,359,359,359,289,15,id_number 191,tel1_191,tel2_192,tel3_193,tel4_194,tel5_195,tel6_196,tel7_197,tel8_198,tel9_199,tel10_200,Loaded 20200520,magdelinem@cellc.co.za
CellC_Acc192,90,840000192,Customer Name 192,1732.26,0,1732.26,434,434,409.39,454.87,22,id_number 192,tel1_192,tel2_193,tel3_194,tel4_195,tel5_196,tel6_197,tel7_198,tel8_199,tel9_200,tel10_201,Loaded 20200521,a.robson@cellc.co.za
CellC_Acc193,90,840000193,Customer Name 193,1551.96,422.99,1128.97,422.99,352.99,352.99,0,30,id_number 193,tel1_193,tel2_194,tel3_195,tel4_196,tel5_197,tel6_198,tel7_199,tel8_200,tel9_201,tel10_202,Loaded 20200522,nerikap@cellc.co.za
CellC_Acc194,90,840000194,Customer Name 194,1196,299,897,299,299,299,0,28,id_number 194,tel1_194,tel2_195,tel3_196,tel4_197,tel5_198,tel6_199,tel7_200,tel8_201,tel9_202,tel10_203,Loaded 20200523,magdelinem@cellc.co.za
CellC_Acc195,60,840000195,Customer Name 195,576,0,576,323,253,0,0,6,id_number 195,tel1_195,tel2_196,tel3_197,tel4_198,tel5_199,tel6_200,tel7_201,tel8_202,tel9_203,tel10_204,Loaded 20200524,a.robson@cellc.co.za
CellC_Acc196,90,840000196,Customer Name 196,4432,0,4432,1143,1143,1073,1073,20,id_number 196,tel1_196,tel2_197,tel3_198,tel4_199,tel5_200,tel6_201,tel7_202,tel8_203,tel9_204,tel10_205,Loaded 20200525,nerikap@cellc.co.za
CellC_Acc197,60,840000197,Customer Name 197,1233.64,399.4,834.24,399.4,434.84,0,0,30,id_number 197,tel1_197,tel2_198,tel3_199,tel4_200,tel5_201,tel6_202,tel7_203,tel8_204,tel9_205,tel10_206,Loaded 20200526,magdelinem@cellc.co.za
CellC_Acc198,90,840000198,Customer Name 198,2802.62,687,2115.62,617,617,881.62,0,1,id_number 198,tel1_198,tel2_199,tel3_200,tel4_201,tel5_202,tel6_203,tel7_204,tel8_205,tel9_206,tel10_207,Loaded 20200527,a.robson@cellc.co.za
CellC_Acc199,30,840000199,Customer Name 199,478.99,0,478.99,478.99,0,0,0,6,id_number 199,tel1_199,tel2_200,tel3_201,tel4_202,tel5_203,tel6_204,tel7_205,tel8_206,tel9_207,tel10_208,Loaded 20200528,nerikap@cellc.co.za
CellC_Acc200,90,840000200,Customer Name 200,1392.66,269.01,1123.65,269.01,199.01,199.01,456.62,1,id_number 200,tel1_200,tel2_201,tel3_202,tel4_203,tel5_204,tel6_205,tel7_206,tel8_207,tel9_208,tel10_209,Loaded 20200529,magdelinem@cellc.co.za
CellC_Acc201,90,840000201,Customer Name 201,1096.12,0,1096.12,274.03,274.03,548.06,0,6,id_number 201,tel1_201,tel2_202,tel3_203,tel4_204,tel5_205,tel6_206,tel7_207,tel8_208,tel9_209,tel10_210,Loaded 20200530,a.robson@cellc.co.za
CellC_Acc202,30,840000202,Customer Name 202,1996.75,998.99,997.76,997.76,0,0,0,1,id_number 202,tel1_202,tel2_203,tel3_204,tel4_205,tel5_206,tel6_207,tel7_208,tel8_209,tel9_210,tel10_211,Loaded 20200531,nerikap@cellc.co.za
CellC_Acc203,90,840000203,Customer Name 203,1540.84,234,1306.84,234,234,234,604.84,1,id_number 203,tel1_203,tel2_204,tel3_205,tel4_206,tel5_207,tel6_208,tel7_209,tel8_210,tel9_211,tel10_212,Loaded 20200532,magdelinem@cellc.co.za
CellC_Acc204,60,840000204,Customer Name 204,958.78,0,958.78,479.39,479.39,0,0,15,id_number 204,tel1_204,tel2_205,tel3_206,tel4_207,tel5_208,tel6_209,tel7_210,tel8_211,tel9_212,tel10_213,Loaded 20200533,a.robson@cellc.co.za
CellC_Acc205,30,840000205,Customer Name 205,746,373,373,373,0,0,0,1,id_number 205,tel1_205,tel2_206,tel3_207,tel4_208,tel5_209,tel6_210,tel7_211,tel8_212,tel9_213,tel10_214,Loaded 20200534,nerikap@cellc.co.za
CellC_Acc206,90,840000206,Customer Name 206,916,229,687,229,229,229,0,30,id_number 206,tel1_206,tel2_207,tel3_208,tel4_209,tel5_210,tel6_211,tel7_212,tel8_213,tel9_214,tel10_215,Loaded 20200535,magdelinem@cellc.co.za
CellC_Acc207,60,840000207,Customer Name 207,1400.03,490.01,910.02,490.01,420.01,0,0,30,id_number 207,tel1_207,tel2_208,tel3_209,tel4_210,tel5_211,tel6_212,tel7_213,tel8_214,tel9_215,tel10_216,Loaded 20200536,a.robson@cellc.co.za
CellC_Acc208,90,840000208,Customer Name 208,4168.23,1022.02,3146.21,1022.02,952.02,1172.17,0,30,id_number 208,tel1_208,tel2_209,tel3_210,tel4_211,tel5_212,tel6_213,tel7_214,tel8_215,tel9_216,tel10_217,Loaded 20200537,nerikap@cellc.co.za
CellC_Acc209,90,840000209,Customer Name 209,1455.61,308,1147.61,308,308,531.61,0,30,id_number 209,tel1_209,tel2_210,tel3_211,tel4_212,tel5_213,tel6_214,tel7_215,tel8_216,tel9_217,tel10_218,Loaded 20200538,magdelinem@cellc.co.za
CellC_Acc210,90,840000210,Customer Name 210,2583.11,622.01,1961.1,552.01,552.01,857.08,0,1,id_number 210,tel1_210,tel2_211,tel3_212,tel4_213,tel5_214,tel6_215,tel7_216,tel8_217,tel9_218,tel10_219,Loaded 20200539,a.robson@cellc.co.za
CellC_Acc211,30,840000211,Customer Name 211,1290.82,668,622.82,622.82,0,0,0,30,id_number 211,tel1_211,tel2_212,tel3_213,tel4_214,tel5_215,tel6_216,tel7_217,tel8_218,tel9_219,tel10_220,Loaded 20200540,nerikap@cellc.co.za
CellC_Acc212,90,840000212,Customer Name 212,3847.75,0,3847.75,815.78,815.78,815.78,1400.41,21,id_number 212,tel1_212,tel2_213,tel3_214,tel4_215,tel5_216,tel6_217,tel7_218,tel8_219,tel9_220,tel10_221,Loaded 20200541,magdelinem@cellc.co.za
CellC_Acc213,90,840000213,Customer Name 213,3437.19,756.99,2680.2,686.99,686.99,1306.22,0,1,id_number 213,tel1_213,tel2_214,tel3_215,tel4_216,tel5_217,tel6_218,tel7_219,tel8_220,tel9_221,tel10_222,Loaded 20200542,a.robson@cellc.co.za
CellC_Acc214,90,840000214,Customer Name 214,1091.59,308.99,782.6,238.99,238.99,304.62,0,30,id_number 214,tel1_214,tel2_215,tel3_216,tel4_217,tel5_218,tel6_219,tel7_220,tel8_221,tel9_222,tel10_223,Loaded 20200543,nerikap@cellc.co.za
CellC_Acc215,30,840000215,Customer Name 215,279,0,279,279,0,0,0,6,id_number 215,tel1_215,tel2_216,tel3_217,tel4_218,tel5_219,tel6_220,tel7_221,tel8_222,tel9_223,tel10_224,Loaded 20200544,magdelinem@cellc.co.za
CellC_Acc216,90,840000216,Customer Name 216,1425.01,466.45,958.56,396.45,441.84,120.27,0,30,id_number 216,tel1_216,tel2_217,tel3_218,tel4_219,tel5_220,tel6_221,tel7_222,tel8_223,tel9_224,tel10_225,Loaded 20200545,a.robson@cellc.co.za
CellC_Acc217,60,840000217,Customer Name 217,640.1,0,640.1,355.05,285.05,0,0,15,id_number 217,tel1_217,tel2_218,tel3_219,tel4_220,tel5_221,tel6_222,tel7_223,tel8_224,tel9_225,tel10_226,Loaded 20200546,nerikap@cellc.co.za
CellC_Acc218,60,840000218,Customer Name 218,1472.06,386.02,1086.04,386.02,700.02,0,0,1,id_number 218,tel1_218,tel2_219,tel3_220,tel4_221,tel5_222,tel6_223,tel7_224,tel8_225,tel9_226,tel10_227,Loaded 20200547,magdelinem@cellc.co.za
CellC_Acc219,90,840000219,Customer Name 219,2364.59,638,1726.59,568,568,590.59,0,1,id_number 219,tel1_219,tel2_220,tel3_221,tel4_222,tel5_223,tel6_224,tel7_225,tel8_226,tel9_227,tel10_228,Loaded 20200548,a.robson@cellc.co.za
CellC_Acc220,30,840000220,Customer Name 220,848.92,676.97,171.95,171.95,0,0,0,1,id_number 220,tel1_220,tel2_221,tel3_222,tel4_223,tel5_224,tel6_225,tel7_226,tel8_227,tel9_228,tel10_229,Loaded 20200549,nerikap@cellc.co.za
CellC_Acc221,60,840000221,Customer Name 221,2383.79,570.04,1813.75,570.04,1243.71,0,0,1,id_number 221,tel1_221,tel2_222,tel3_223,tel4_224,tel5_225,tel6_226,tel7_227,tel8_228,tel9_229,tel10_230,Loaded 20200550,magdelinem@cellc.co.za
CellC_Acc222,30,840000222,Customer Name 222,517.98,258.99,258.99,258.99,0,0,0,1,id_number 222,tel1_222,tel2_223,tel3_224,tel4_225,tel5_226,tel6_227,tel7_228,tel8_229,tel9_230,tel10_231,Loaded 20200551,a.robson@cellc.co.za
CellC_Acc223,60,840000223,Customer Name 223,3300.03,818,2482.03,1638.3,843.73,0,0,30,id_number 223,tel1_223,tel2_224,tel3_225,tel4_226,tel5_227,tel6_228,tel7_229,tel8_230,tel9_231,tel10_232,Loaded 20200552,nerikap@cellc.co.za
CellC_Acc224,60,840000224,Customer Name 224,1941.46,0,1941.46,622,1319.46,0,0,15,id_number 224,tel1_224,tel2_225,tel3_226,tel4_227,tel5_228,tel6_229,tel7_230,tel8_231,tel9_232,tel10_233,Loaded 20200553,magdelinem@cellc.co.za
CellC_Acc225,30,840000225,Customer Name 225,2134.09,879.01,1255.08,1255.08,0,0,0,30,id_number 225,tel1_225,tel2_226,tel3_227,tel4_228,tel5_229,tel6_230,tel7_231,tel8_232,tel9_233,tel10_234,Loaded 20200554,a.robson@cellc.co.za
CellC_Acc226,30,840000226,Customer Name 226,239,0,239,239,0,0,0,6,id_number 226,tel1_226,tel2_227,tel3_228,tel4_229,tel5_230,tel6_231,tel7_232,tel8_233,tel9_234,tel10_235,Loaded 20200555,nerikap@cellc.co.za
